{
  "Total" : {
    "transaction" : "Total",
    "sampleCount" : 5988,
    "errorCount" : 164,
    "errorPct" : 2.738811,
    "meanResTime" : 21841.202070808315,
    "medianResTime" : 699.0,
    "minResTime" : 167.0,
    "maxResTime" : 104605.0,
    "pct1ResTime" : 100555.1,
    "pct2ResTime" : 100882.55,
    "pct3ResTime" : 101534.77,
    "throughput" : 3.7505096822401343,
    "receivedKBytesPerSec" : 2.2458583228995925,
    "sentKBytesPerSec" : 1.1687820909952693
  },
  "Signup_Load_Test" : {
    "transaction" : "Signup_Load_Test",
    "sampleCount" : 1996,
    "errorCount" : 55,
    "errorPct" : 2.755511,
    "meanResTime" : 1014.8712424849671,
    "medianResTime" : 724.0,
    "minResTime" : 301.0,
    "maxResTime" : 21164.0,
    "pct1ResTime" : 1806.6,
    "pct2ResTime" : 2676.699999999995,
    "pct3ResTime" : 4803.399999999998,
    "throughput" : 1.3345832235667607,
    "receivedKBytesPerSec" : 0.38966175653484425,
    "sentKBytesPerSec" : 0.5310251787662862
  },
  "Email_confirmationloadtest" : {
    "transaction" : "Email_confirmationloadtest",
    "sampleCount" : 1996,
    "errorCount" : 40,
    "errorPct" : 2.004008,
    "meanResTime" : 315.71442885771484,
    "medianResTime" : 188.0,
    "minResTime" : 168.0,
    "maxResTime" : 6404.0,
    "pct1ResTime" : 620.0,
    "pct2ResTime" : 925.8999999999992,
    "pct3ResTime" : 2169.4199999999996,
    "throughput" : 1.3352921185653772,
    "receivedKBytesPerSec" : 0.3731193082002724,
    "sentKBytesPerSec" : 0.3565717530943856
  },
  "Update_passwordloadtest" : {
    "transaction" : "Update_passwordloadtest",
    "sampleCount" : 1996,
    "errorCount" : 69,
    "errorPct" : 3.4569137,
    "meanResTime" : 64193.02054108214,
    "medianResTime" : 100278.0,
    "minResTime" : 167.0,
    "maxResTime" : 104605.0,
    "pct1ResTime" : 101005.3,
    "pct2ResTime" : 101381.0,
    "pct3ResTime" : 103578.21,
    "throughput" : 1.251442042433666,
    "receivedKBytesPerSec" : 1.5330676886097456,
    "sentKBytesPerSec" : 0.3378470551377464
  }
}