{
  "Total" : {
    "transaction" : "Total",
    "sampleCount" : 30,
    "errorCount" : 2,
    "errorPct" : 6.6666665,
    "meanResTime" : 458.1333333333334,
    "medianResTime" : 278.0,
    "minResTime" : 175.0,
    "maxResTime" : 1251.0,
    "pct1ResTime" : 940.0000000000001,
    "pct2ResTime" : 1121.1999999999998,
    "pct3ResTime" : 1251.0,
    "throughput" : 0.06917845967241693,
    "receivedKBytesPerSec" : 0.04186062457195828,
    "sentKBytesPerSec" : 0.021332276968646015
  },
  "Signup_Load_Test" : {
    "transaction" : "Signup_Load_Test",
    "sampleCount" : 10,
    "errorCount" : 1,
    "errorPct" : 10.0,
    "meanResTime" : 900.0,
    "medianResTime" : 863.5,
    "minResTime" : 779.0,
    "maxResTime" : 1251.0,
    "pct1ResTime" : 1227.4,
    "pct2ResTime" : 1251.0,
    "pct3ResTime" : 1251.0,
    "throughput" : 0.023085571287089855,
    "receivedKBytesPerSec" : 0.006628083943754314,
    "sentKBytesPerSec" : 0.009110233747180676
  },
  "Email_confirmationloadtest" : {
    "transaction" : "Email_confirmationloadtest",
    "sampleCount" : 10,
    "errorCount" : 1,
    "errorPct" : 10.0,
    "meanResTime" : 195.3,
    "medianResTime" : 189.5,
    "minResTime" : 175.0,
    "maxResTime" : 246.0,
    "pct1ResTime" : 242.9,
    "pct2ResTime" : 246.0,
    "pct3ResTime" : 246.0,
    "throughput" : 0.02312892758101485,
    "receivedKBytesPerSec" : 0.006383041928119919,
    "sentKBytesPerSec" : 0.006100706386359484
  },
  "Update_passwordloadtest" : {
    "transaction" : "Update_passwordloadtest",
    "sampleCount" : 10,
    "errorCount" : 0,
    "errorPct" : 0.0,
    "meanResTime" : 279.1000000000001,
    "medianResTime" : 278.0,
    "minResTime" : 264.0,
    "maxResTime" : 312.0,
    "pct1ResTime" : 309.3,
    "pct2ResTime" : 312.0,
    "pct3ResTime" : 312.0,
    "throughput" : 0.02312304465753615,
    "receivedKBytesPerSec" : 0.028955742348006446,
    "sentKBytesPerSec" : 0.006166897945286252
  }
}